"experiment","group","subject","age","sex","condition","trial_type","word","response"
1,"adult","adult_50",NA,NA,"Implausible","Exposure","knife_camel","Implausible"
1,"adult","adult_50",NA,NA,"Implausible","Exposure","shark_racecar","Implausible"
1,"adult","adult_50",NA,NA,"Implausible","Exposure","book_plane","Implausible"
1,"adult","adult_50",NA,NA,"Implausible","Exposure","bread_ketchup","Implausible"
1,"adult","adult_50",NA,NA,"Implausible","Exposure","house_nose","Implausible"
1,"adult","adult_50",NA,NA,"Implausible","Exposure","flowers_donut","Implausible"
1,"adult","adult_50",NA,NA,"Implausible","Exposure","wooden_apples","Implausible"
1,"adult","adult_50",NA,NA,"Implausible","Exposure","cat_hammers","Implausible"
1,"adult","adult_50",NA,NA,"Implausible","Test","vanfan","Implausible"
1,"adult","adult_50",NA,NA,"Implausible","Test","bugsbags","Implausible"
1,"adult","adult_50",NA,NA,"Implausible","Test","penpan","Implausible"
1,"adult","adult_50",NA,NA,"Implausible","Test","ballbowl","Implausible"
1,"adult","adult_50",NA,NA,"Implausible","Test","capcup","Implausible"
1,"adult","adult_50",NA,NA,"Implausible","Test","tiedie","Implausible"
1,"adult","adult_50",NA,NA,"Implausible","Test","goatscoats","Implausible"
1,"adult","adult_9",NA,NA,"Implausible","Exposure","house_nose","Implausible"
1,"adult","adult_9",NA,NA,"Implausible","Exposure","book_plane","Implausible"
1,"adult","adult_9",NA,NA,"Implausible","Exposure","knife_camel","Implausible"
1,"adult","adult_9",NA,NA,"Implausible","Exposure","shark_racecar","Implausible"
1,"adult","adult_9",NA,NA,"Implausible","Exposure","bread_ketchup","Implausible"
1,"adult","adult_9",NA,NA,"Implausible","Exposure","cat_hammers","Implausible"
1,"adult","adult_9",NA,NA,"Implausible","Exposure","wooden_apples","Implausible"
1,"adult","adult_9",NA,NA,"Implausible","Exposure","flowers_donut","Implausible"
1,"adult","adult_9",NA,NA,"Implausible","Test","bugsbags","Implausible"
1,"adult","adult_9",NA,NA,"Implausible","Test","penpan","Plausible"
1,"adult","adult_9",NA,NA,"Implausible","Test","vanfan","Implausible"
1,"adult","adult_9",NA,NA,"Implausible","Test","tiedie","Implausible"
1,"adult","adult_9",NA,NA,"Implausible","Test","goatscoats","Implausible"
1,"adult","adult_9",NA,NA,"Implausible","Test","capcup","Implausible"
1,"adult","adult_9",NA,NA,"Implausible","Test","ballbowl","Implausible"
1,"adult","adult_34",NA,NA,"Plausible","Exposure","book_table","Plausible"
1,"adult","adult_34",NA,NA,"Plausible","Exposure","wooden_blocks","Plausible"
1,"adult","adult_34",NA,NA,"Plausible","Exposure","flowers_basket","Plausible"
1,"adult","adult_34",NA,NA,"Plausible","Exposure","knife_fork","Plausible"
1,"adult","adult_34",NA,NA,"Plausible","Exposure","shark_fish","Plausible"
1,"adult","adult_34",NA,NA,"Plausible","Exposure","bread_peanutbutter","Plausible"
1,"adult","adult_34",NA,NA,"Plausible","Exposure","house_door","Plausible"
1,"adult","adult_34",NA,NA,"Plausible","Exposure","cat_kittens","Plausible"
1,"adult","adult_34",NA,NA,"Plausible","Test","goatscoats","Implausible"
1,"adult","adult_34",NA,NA,"Plausible","Test","bugsbags","Implausible"
1,"adult","adult_34",NA,NA,"Plausible","Test","ballbowl","Implausible"
1,"adult","adult_34",NA,NA,"Plausible","Test","tiedie","Implausible"
1,"adult","adult_34",NA,NA,"Plausible","Test","capcup","Plausible"
1,"adult","adult_34",NA,NA,"Plausible","Test","vanfan","Plausible"
1,"adult","adult_34",NA,NA,"Plausible","Test","penpan","Implausible"
1,"adult","adult_39",NA,NA,"Plausible","Exposure","cat_kittens","Plausible"
1,"adult","adult_39",NA,NA,"Plausible","Exposure","bread_peanutbutter","Plausible"
1,"adult","adult_39",NA,NA,"Plausible","Exposure","flowers_basket","Implausible"
1,"adult","adult_39",NA,NA,"Plausible","Exposure","house_door","Plausible"
1,"adult","adult_39",NA,NA,"Plausible","Exposure","knife_fork","Plausible"
1,"adult","adult_39",NA,NA,"Plausible","Exposure","shark_fish","Plausible"
1,"adult","adult_39",NA,NA,"Plausible","Exposure","wooden_blocks","Plausible"
1,"adult","adult_39",NA,NA,"Plausible","Exposure","book_table","Plausible"
1,"adult","adult_39",NA,NA,"Plausible","Test","tiedie","Plausible"
1,"adult","adult_39",NA,NA,"Plausible","Test","vanfan","Plausible"
1,"adult","adult_39",NA,NA,"Plausible","Test","capcup","Plausible"
1,"adult","adult_39",NA,NA,"Plausible","Test","ballbowl","Plausible"
1,"adult","adult_39",NA,NA,"Plausible","Test","bugsbags","Plausible"
1,"adult","adult_39",NA,NA,"Plausible","Test","goatscoats","Plausible"
1,"adult","adult_39",NA,NA,"Plausible","Test","penpan","Plausible"
1,"adult","adult_31",NA,NA,"Implausible","Exposure","book_plane","Implausible"
1,"adult","adult_31",NA,NA,"Implausible","Exposure","bread_ketchup","Implausible"
1,"adult","adult_31",NA,NA,"Implausible","Exposure","house_nose","Implausible"
1,"adult","adult_31",NA,NA,"Implausible","Exposure","wooden_apples","Implausible"
1,"adult","adult_31",NA,NA,"Implausible","Exposure","knife_camel","Implausible"
1,"adult","adult_31",NA,NA,"Implausible","Exposure","cat_hammers","Implausible"
1,"adult","adult_31",NA,NA,"Implausible","Exposure","flowers_donut","Implausible"
1,"adult","adult_31",NA,NA,"Implausible","Exposure","shark_racecar","Implausible"
1,"adult","adult_31",NA,NA,"Implausible","Test","goatscoats","Implausible"
1,"adult","adult_31",NA,NA,"Implausible","Test","penpan","Implausible"
1,"adult","adult_31",NA,NA,"Implausible","Test","vanfan","Implausible"
1,"adult","adult_31",NA,NA,"Implausible","Test","ballbowl","Implausible"
1,"adult","adult_31",NA,NA,"Implausible","Test","tiedie","Implausible"
1,"adult","adult_31",NA,NA,"Implausible","Test","capcup","Implausible"
1,"adult","adult_31",NA,NA,"Implausible","Test","bugsbags","Implausible"
1,"adult","adult_15",NA,NA,"Plausible","Exposure","book_table","Plausible"
1,"adult","adult_15",NA,NA,"Plausible","Exposure","house_door","Plausible"
1,"adult","adult_15",NA,NA,"Plausible","Exposure","cat_kittens","Plausible"
1,"adult","adult_15",NA,NA,"Plausible","Exposure","wooden_blocks","Plausible"
1,"adult","adult_15",NA,NA,"Plausible","Exposure","shark_fish","Plausible"
1,"adult","adult_15",NA,NA,"Plausible","Exposure","bread_peanutbutter","Plausible"
1,"adult","adult_15",NA,NA,"Plausible","Exposure","flowers_basket","Plausible"
1,"adult","adult_15",NA,NA,"Plausible","Exposure","knife_fork","Plausible"
1,"adult","adult_15",NA,NA,"Plausible","Test","capcup","Implausible"
1,"adult","adult_15",NA,NA,"Plausible","Test","penpan","Implausible"
1,"adult","adult_15",NA,NA,"Plausible","Test","vanfan","Implausible"
1,"adult","adult_15",NA,NA,"Plausible","Test","tiedie","Implausible"
1,"adult","adult_15",NA,NA,"Plausible","Test","ballbowl","Implausible"
1,"adult","adult_15",NA,NA,"Plausible","Test","goatscoats","Implausible"
1,"adult","adult_15",NA,NA,"Plausible","Test","bugsbags","Implausible"
1,"adult","adult_45",NA,NA,"Plausible","Exposure","bread_peanutbutter","Plausible"
1,"adult","adult_45",NA,NA,"Plausible","Exposure","cat_kittens","Plausible"
1,"adult","adult_45",NA,NA,"Plausible","Exposure","house_door","Plausible"
1,"adult","adult_45",NA,NA,"Plausible","Exposure","knife_fork","Plausible"
1,"adult","adult_45",NA,NA,"Plausible","Exposure","flowers_basket","Plausible"
1,"adult","adult_45",NA,NA,"Plausible","Exposure","book_table","Plausible"
1,"adult","adult_45",NA,NA,"Plausible","Exposure","wooden_blocks","Plausible"
1,"adult","adult_45",NA,NA,"Plausible","Exposure","shark_fish","Plausible"
1,"adult","adult_45",NA,NA,"Plausible","Test","vanfan","Plausible"
1,"adult","adult_45",NA,NA,"Plausible","Test","capcup","Plausible"
1,"adult","adult_45",NA,NA,"Plausible","Test","tiedie","Plausible"
1,"adult","adult_45",NA,NA,"Plausible","Test","penpan","Plausible"
1,"adult","adult_45",NA,NA,"Plausible","Test","bugsbags","Implausible"
1,"adult","adult_45",NA,NA,"Plausible","Test","goatscoats","Implausible"
1,"adult","adult_45",NA,NA,"Plausible","Test","ballbowl","Implausible"
1,"adult","adult_6",NA,NA,"Plausible","Exposure","cat_kittens","Plausible"
1,"adult","adult_6",NA,NA,"Plausible","Exposure","wooden_blocks","Plausible"
1,"adult","adult_6",NA,NA,"Plausible","Exposure","shark_fish","Plausible"
1,"adult","adult_6",NA,NA,"Plausible","Exposure","knife_fork","Plausible"
1,"adult","adult_6",NA,NA,"Plausible","Exposure","house_door","Plausible"
1,"adult","adult_6",NA,NA,"Plausible","Exposure","book_table","Plausible"
1,"adult","adult_6",NA,NA,"Plausible","Exposure","flowers_basket","Plausible"
1,"adult","adult_6",NA,NA,"Plausible","Exposure","bread_peanutbutter","Plausible"
1,"adult","adult_6",NA,NA,"Plausible","Test","penpan","Plausible"
1,"adult","adult_6",NA,NA,"Plausible","Test","capcup","Implausible"
1,"adult","adult_6",NA,NA,"Plausible","Test","bugsbags","Implausible"
1,"adult","adult_6",NA,NA,"Plausible","Test","goatscoats","Implausible"
1,"adult","adult_6",NA,NA,"Plausible","Test","vanfan","Implausible"
1,"adult","adult_6",NA,NA,"Plausible","Test","ballbowl","Implausible"
1,"adult","adult_6",NA,NA,"Plausible","Test","tiedie","Implausible"
1,"adult","adult_29",NA,NA,"Implausible","Exposure","wooden_apples","Implausible"
1,"adult","adult_29",NA,NA,"Implausible","Exposure","cat_hammers","Implausible"
1,"adult","adult_29",NA,NA,"Implausible","Exposure","flowers_donut","Implausible"
1,"adult","adult_29",NA,NA,"Implausible","Exposure","bread_ketchup","Implausible"
1,"adult","adult_29",NA,NA,"Implausible","Exposure","knife_camel","Implausible"
1,"adult","adult_29",NA,NA,"Implausible","Exposure","shark_racecar","Implausible"
1,"adult","adult_29",NA,NA,"Implausible","Exposure","house_nose","Implausible"
1,"adult","adult_29",NA,NA,"Implausible","Exposure","book_plane","Implausible"
1,"adult","adult_29",NA,NA,"Implausible","Test","capcup","Implausible"
1,"adult","adult_29",NA,NA,"Implausible","Test","ballbowl","Implausible"
1,"adult","adult_29",NA,NA,"Implausible","Test","tiedie","Implausible"
1,"adult","adult_29",NA,NA,"Implausible","Test","vanfan","Implausible"
1,"adult","adult_29",NA,NA,"Implausible","Test","goatscoats","Plausible"
1,"adult","adult_29",NA,NA,"Implausible","Test","bugsbags","Implausible"
1,"adult","adult_29",NA,NA,"Implausible","Test","penpan","Implausible"
1,"adult","adult_23",NA,NA,"Implausible","Exposure","knife_camel","Implausible"
1,"adult","adult_23",NA,NA,"Implausible","Exposure","book_plane","Implausible"
1,"adult","adult_23",NA,NA,"Implausible","Exposure","house_nose","Implausible"
1,"adult","adult_23",NA,NA,"Implausible","Exposure","flowers_donut","Implausible"
1,"adult","adult_23",NA,NA,"Implausible","Exposure","cat_hammers","Implausible"
1,"adult","adult_23",NA,NA,"Implausible","Exposure","wooden_apples","Implausible"
1,"adult","adult_23",NA,NA,"Implausible","Exposure","bread_ketchup","Implausible"
1,"adult","adult_23",NA,NA,"Implausible","Exposure","shark_racecar","Implausible"
1,"adult","adult_23",NA,NA,"Implausible","Test","ballbowl","Implausible"
1,"adult","adult_23",NA,NA,"Implausible","Test","tiedie","Implausible"
1,"adult","adult_23",NA,NA,"Implausible","Test","capcup","Implausible"
1,"adult","adult_23",NA,NA,"Implausible","Test","goatscoats","Implausible"
1,"adult","adult_23",NA,NA,"Implausible","Test","penpan","Plausible"
1,"adult","adult_23",NA,NA,"Implausible","Test","bugsbags","Implausible"
1,"adult","adult_23",NA,NA,"Implausible","Test","vanfan","Implausible"
1,"adult","adult_49",NA,NA,"Implausible","Exposure","house_nose","Implausible"
1,"adult","adult_49",NA,NA,"Implausible","Exposure","flowers_donut","Implausible"
1,"adult","adult_49",NA,NA,"Implausible","Exposure","cat_hammers","Implausible"
1,"adult","adult_49",NA,NA,"Implausible","Exposure","shark_racecar","Implausible"
1,"adult","adult_49",NA,NA,"Implausible","Exposure","knife_camel","Implausible"
1,"adult","adult_49",NA,NA,"Implausible","Exposure","book_plane","Implausible"
1,"adult","adult_49",NA,NA,"Implausible","Exposure","wooden_apples","Implausible"
1,"adult","adult_49",NA,NA,"Implausible","Exposure","bread_ketchup","Implausible"
1,"adult","adult_49",NA,NA,"Implausible","Test","penpan","Plausible"
1,"adult","adult_49",NA,NA,"Implausible","Test","tiedie","Implausible"
1,"adult","adult_49",NA,NA,"Implausible","Test","ballbowl","Implausible"
1,"adult","adult_49",NA,NA,"Implausible","Test","goatscoats","Implausible"
1,"adult","adult_49",NA,NA,"Implausible","Test","capcup","Implausible"
1,"adult","adult_49",NA,NA,"Implausible","Test","vanfan","Plausible"
1,"adult","adult_49",NA,NA,"Implausible","Test","bugsbags","Implausible"
1,"adult","adult_8",NA,NA,"Plausible","Exposure","wooden_blocks","Plausible"
1,"adult","adult_8",NA,NA,"Plausible","Exposure","flowers_basket","Plausible"
1,"adult","adult_8",NA,NA,"Plausible","Exposure","house_door","Plausible"
1,"adult","adult_8",NA,NA,"Plausible","Exposure","bread_peanutbutter","Plausible"
1,"adult","adult_8",NA,NA,"Plausible","Exposure","book_table","Plausible"
1,"adult","adult_8",NA,NA,"Plausible","Exposure","cat_kittens","Plausible"
1,"adult","adult_8",NA,NA,"Plausible","Exposure","knife_fork","Plausible"
1,"adult","adult_8",NA,NA,"Plausible","Exposure","shark_fish","Plausible"
1,"adult","adult_8",NA,NA,"Plausible","Test","penpan","Implausible"
1,"adult","adult_8",NA,NA,"Plausible","Test","tiedie","Implausible"
1,"adult","adult_8",NA,NA,"Plausible","Test","bugsbags","Implausible"
1,"adult","adult_8",NA,NA,"Plausible","Test","vanfan","Implausible"
1,"adult","adult_8",NA,NA,"Plausible","Test","goatscoats","Implausible"
1,"adult","adult_8",NA,NA,"Plausible","Test","capcup","Implausible"
1,"adult","adult_8",NA,NA,"Plausible","Test","ballbowl","Implausible"
1,"adult","adult_27",NA,NA,"Implausible","Exposure","house_nose","Implausible"
1,"adult","adult_27",NA,NA,"Implausible","Exposure","cat_hammers","Implausible"
1,"adult","adult_27",NA,NA,"Implausible","Exposure","knife_camel","Implausible"
1,"adult","adult_27",NA,NA,"Implausible","Exposure","flowers_donut","Implausible"
1,"adult","adult_27",NA,NA,"Implausible","Exposure","wooden_apples","Implausible"
1,"adult","adult_27",NA,NA,"Implausible","Exposure","shark_racecar","Implausible"
1,"adult","adult_27",NA,NA,"Implausible","Exposure","book_plane","Implausible"
1,"adult","adult_27",NA,NA,"Implausible","Exposure","bread_ketchup","Implausible"
1,"adult","adult_27",NA,NA,"Implausible","Test","vanfan","Implausible"
1,"adult","adult_27",NA,NA,"Implausible","Test","capcup","Implausible"
1,"adult","adult_27",NA,NA,"Implausible","Test","tiedie","Implausible"
1,"adult","adult_27",NA,NA,"Implausible","Test","penpan","Plausible"
1,"adult","adult_27",NA,NA,"Implausible","Test","bugsbags","Implausible"
1,"adult","adult_27",NA,NA,"Implausible","Test","ballbowl","Implausible"
1,"adult","adult_27",NA,NA,"Implausible","Test","goatscoats","Implausible"
1,"adult","adult_42",NA,NA,"Plausible","Exposure","shark_fish","Plausible"
1,"adult","adult_42",NA,NA,"Plausible","Exposure","knife_fork","Plausible"
1,"adult","adult_42",NA,NA,"Plausible","Exposure","cat_kittens","Plausible"
1,"adult","adult_42",NA,NA,"Plausible","Exposure","house_door","Plausible"
1,"adult","adult_42",NA,NA,"Plausible","Exposure","wooden_blocks","Plausible"
1,"adult","adult_42",NA,NA,"Plausible","Exposure","book_table","Plausible"
1,"adult","adult_42",NA,NA,"Plausible","Exposure","flowers_basket","Plausible"
1,"adult","adult_42",NA,NA,"Plausible","Exposure","bread_peanutbutter","Plausible"
1,"adult","adult_42",NA,NA,"Plausible","Test","goatscoats","Plausible"
1,"adult","adult_42",NA,NA,"Plausible","Test","ballbowl","Implausible"
1,"adult","adult_42",NA,NA,"Plausible","Test","penpan","Plausible"
1,"adult","adult_42",NA,NA,"Plausible","Test","capcup","Plausible"
1,"adult","adult_42",NA,NA,"Plausible","Test","bugsbags","Implausible"
1,"adult","adult_42",NA,NA,"Plausible","Test","tiedie","Implausible"
1,"adult","adult_42",NA,NA,"Plausible","Test","vanfan","Plausible"
1,"adult","adult_18",NA,NA,"Plausible","Exposure","flowers_basket","Plausible"
1,"adult","adult_18",NA,NA,"Plausible","Exposure","knife_fork","Plausible"
1,"adult","adult_18",NA,NA,"Plausible","Exposure","shark_fish","Plausible"
1,"adult","adult_18",NA,NA,"Plausible","Exposure","bread_peanutbutter","Plausible"
1,"adult","adult_18",NA,NA,"Plausible","Exposure","house_door","Plausible"
1,"adult","adult_18",NA,NA,"Plausible","Exposure","book_table","Plausible"
1,"adult","adult_18",NA,NA,"Plausible","Exposure","wooden_blocks","Plausible"
1,"adult","adult_18",NA,NA,"Plausible","Exposure","cat_kittens","Plausible"
1,"adult","adult_18",NA,NA,"Plausible","Test","goatscoats","Plausible"
1,"adult","adult_18",NA,NA,"Plausible","Test","capcup","Plausible"
1,"adult","adult_18",NA,NA,"Plausible","Test","vanfan","Plausible"
1,"adult","adult_18",NA,NA,"Plausible","Test","tiedie","Plausible"
1,"adult","adult_18",NA,NA,"Plausible","Test","ballbowl","Implausible"
1,"adult","adult_18",NA,NA,"Plausible","Test","bugsbags","Plausible"
1,"adult","adult_18",NA,NA,"Plausible","Test","penpan","Plausible"
1,"adult","adult_4",NA,NA,"Plausible","Exposure","house_door","Plausible"
1,"adult","adult_4",NA,NA,"Plausible","Exposure","book_table","Plausible"
1,"adult","adult_4",NA,NA,"Plausible","Exposure","knife_fork","Plausible"
1,"adult","adult_4",NA,NA,"Plausible","Exposure","shark_fish","Plausible"
1,"adult","adult_4",NA,NA,"Plausible","Exposure","bread_peanutbutter","Plausible"
1,"adult","adult_4",NA,NA,"Plausible","Exposure","wooden_blocks","Plausible"
1,"adult","adult_4",NA,NA,"Plausible","Exposure","cat_kittens","Plausible"
1,"adult","adult_4",NA,NA,"Plausible","Exposure","flowers_basket","Plausible"
1,"adult","adult_4",NA,NA,"Plausible","Test","vanfan","Plausible"
1,"adult","adult_4",NA,NA,"Plausible","Test","ballbowl","Implausible"
1,"adult","adult_4",NA,NA,"Plausible","Test","tiedie","Plausible"
1,"adult","adult_4",NA,NA,"Plausible","Test","capcup","Plausible"
1,"adult","adult_4",NA,NA,"Plausible","Test","goatscoats","Implausible"
1,"adult","adult_4",NA,NA,"Plausible","Test","penpan","Implausible"
1,"adult","adult_4",NA,NA,"Plausible","Test","bugsbags","Implausible"
1,"adult","adult_17",NA,NA,"Plausible","Exposure","knife_fork","Plausible"
1,"adult","adult_17",NA,NA,"Plausible","Exposure","cat_kittens","Plausible"
1,"adult","adult_17",NA,NA,"Plausible","Exposure","bread_peanutbutter","Plausible"
1,"adult","adult_17",NA,NA,"Plausible","Exposure","house_door","Plausible"
1,"adult","adult_17",NA,NA,"Plausible","Exposure","wooden_blocks","Plausible"
1,"adult","adult_17",NA,NA,"Plausible","Exposure","book_table","Plausible"
1,"adult","adult_17",NA,NA,"Plausible","Exposure","shark_fish","Plausible"
1,"adult","adult_17",NA,NA,"Plausible","Exposure","flowers_basket","Plausible"
1,"adult","adult_17",NA,NA,"Plausible","Test","tiedie","Implausible"
1,"adult","adult_17",NA,NA,"Plausible","Test","vanfan","Plausible"
1,"adult","adult_17",NA,NA,"Plausible","Test","ballbowl","Implausible"
1,"adult","adult_17",NA,NA,"Plausible","Test","penpan","Plausible"
1,"adult","adult_17",NA,NA,"Plausible","Test","goatscoats","Plausible"
1,"adult","adult_17",NA,NA,"Plausible","Test","bugsbags","Implausible"
1,"adult","adult_17",NA,NA,"Plausible","Test","capcup","Implausible"
1,"adult","adult_5",NA,NA,"Plausible","Exposure","book_table","Plausible"
1,"adult","adult_5",NA,NA,"Plausible","Exposure","house_door","Plausible"
1,"adult","adult_5",NA,NA,"Plausible","Exposure","knife_fork","Plausible"
1,"adult","adult_5",NA,NA,"Plausible","Exposure","wooden_blocks","Plausible"
1,"adult","adult_5",NA,NA,"Plausible","Exposure","bread_peanutbutter","Plausible"
1,"adult","adult_5",NA,NA,"Plausible","Exposure","flowers_basket","Plausible"
1,"adult","adult_5",NA,NA,"Plausible","Exposure","shark_fish","Plausible"
1,"adult","adult_5",NA,NA,"Plausible","Exposure","cat_kittens","Plausible"
1,"adult","adult_5",NA,NA,"Plausible","Test","goatscoats","Implausible"
1,"adult","adult_5",NA,NA,"Plausible","Test","capcup","Plausible"
1,"adult","adult_5",NA,NA,"Plausible","Test","tiedie","Implausible"
1,"adult","adult_5",NA,NA,"Plausible","Test","penpan","Plausible"
1,"adult","adult_5",NA,NA,"Plausible","Test","bugsbags","Implausible"
1,"adult","adult_5",NA,NA,"Plausible","Test","vanfan","Plausible"
1,"adult","adult_5",NA,NA,"Plausible","Test","ballbowl","Implausible"
1,"adult","adult_25",NA,NA,"Plausible","Exposure","book_table","Plausible"
1,"adult","adult_25",NA,NA,"Plausible","Exposure","shark_fish","Plausible"
1,"adult","adult_25",NA,NA,"Plausible","Exposure","bread_peanutbutter","Plausible"
1,"adult","adult_25",NA,NA,"Plausible","Exposure","house_door","Plausible"
1,"adult","adult_25",NA,NA,"Plausible","Exposure","flowers_basket","Plausible"
1,"adult","adult_25",NA,NA,"Plausible","Exposure","knife_fork","Plausible"
1,"adult","adult_25",NA,NA,"Plausible","Exposure","cat_kittens","Plausible"
1,"adult","adult_25",NA,NA,"Plausible","Exposure","wooden_blocks","Plausible"
1,"adult","adult_25",NA,NA,"Plausible","Test","vanfan","Plausible"
1,"adult","adult_25",NA,NA,"Plausible","Test","ballbowl","Implausible"
1,"adult","adult_25",NA,NA,"Plausible","Test","bugsbags","Implausible"
1,"adult","adult_25",NA,NA,"Plausible","Test","tiedie","Implausible"
1,"adult","adult_25",NA,NA,"Plausible","Test","penpan","Plausible"
1,"adult","adult_25",NA,NA,"Plausible","Test","capcup","Implausible"
1,"adult","adult_25",NA,NA,"Plausible","Test","goatscoats","Implausible"
1,"adult","adult_24",NA,NA,"Implausible","Exposure","flowers_donut","Implausible"
1,"adult","adult_24",NA,NA,"Implausible","Exposure","knife_camel","Implausible"
1,"adult","adult_24",NA,NA,"Implausible","Exposure","bread_ketchup","Implausible"
1,"adult","adult_24",NA,NA,"Implausible","Exposure","book_plane","Implausible"
1,"adult","adult_24",NA,NA,"Implausible","Exposure","cat_hammers","Plausible"
1,"adult","adult_24",NA,NA,"Implausible","Exposure","shark_racecar","Implausible"
1,"adult","adult_24",NA,NA,"Implausible","Exposure","house_nose","Implausible"
1,"adult","adult_24",NA,NA,"Implausible","Exposure","wooden_apples","Implausible"
1,"adult","adult_24",NA,NA,"Implausible","Test","bugsbags","Implausible"
1,"adult","adult_24",NA,NA,"Implausible","Test","goatscoats","Implausible"
1,"adult","adult_24",NA,NA,"Implausible","Test","capcup","Implausible"
1,"adult","adult_24",NA,NA,"Implausible","Test","tiedie","Implausible"
1,"adult","adult_24",NA,NA,"Implausible","Test","ballbowl","Implausible"
1,"adult","adult_24",NA,NA,"Implausible","Test","vanfan","Plausible"
1,"adult","adult_24",NA,NA,"Implausible","Test","penpan","Plausible"
1,"adult","adult_41",NA,NA,"Plausible","Exposure","cat_kittens","Plausible"
1,"adult","adult_41",NA,NA,"Plausible","Exposure","knife_fork","Plausible"
1,"adult","adult_41",NA,NA,"Plausible","Exposure","house_door","Plausible"
1,"adult","adult_41",NA,NA,"Plausible","Exposure","flowers_basket","Plausible"
1,"adult","adult_41",NA,NA,"Plausible","Exposure","book_table","Plausible"
1,"adult","adult_41",NA,NA,"Plausible","Exposure","bread_peanutbutter","Plausible"
1,"adult","adult_41",NA,NA,"Plausible","Exposure","wooden_blocks","Plausible"
1,"adult","adult_41",NA,NA,"Plausible","Exposure","shark_fish","Plausible"
1,"adult","adult_41",NA,NA,"Plausible","Test","goatscoats","Plausible"
1,"adult","adult_41",NA,NA,"Plausible","Test","capcup","Plausible"
1,"adult","adult_41",NA,NA,"Plausible","Test","penpan","Plausible"
1,"adult","adult_41",NA,NA,"Plausible","Test","vanfan","Plausible"
1,"adult","adult_41",NA,NA,"Plausible","Test","ballbowl","Plausible"
1,"adult","adult_41",NA,NA,"Plausible","Test","tiedie","Plausible"
1,"adult","adult_41",NA,NA,"Plausible","Test","bugsbags","Plausible"
1,"adult","adult_28",NA,NA,"Implausible","Exposure","book_plane","Implausible"
1,"adult","adult_28",NA,NA,"Implausible","Exposure","shark_racecar","Implausible"
1,"adult","adult_28",NA,NA,"Implausible","Exposure","knife_camel","Implausible"
1,"adult","adult_28",NA,NA,"Implausible","Exposure","house_nose","Implausible"
1,"adult","adult_28",NA,NA,"Implausible","Exposure","bread_ketchup","Implausible"
1,"adult","adult_28",NA,NA,"Implausible","Exposure","flowers_donut","Implausible"
1,"adult","adult_28",NA,NA,"Implausible","Exposure","wooden_apples","Implausible"
1,"adult","adult_28",NA,NA,"Implausible","Exposure","cat_hammers","Implausible"
1,"adult","adult_28",NA,NA,"Implausible","Test","penpan","Implausible"
1,"adult","adult_28",NA,NA,"Implausible","Test","goatscoats","Implausible"
1,"adult","adult_28",NA,NA,"Implausible","Test","vanfan","Implausible"
1,"adult","adult_28",NA,NA,"Implausible","Test","tiedie","Implausible"
1,"adult","adult_28",NA,NA,"Implausible","Test","capcup","Implausible"
1,"adult","adult_28",NA,NA,"Implausible","Test","ballbowl","Implausible"
1,"adult","adult_28",NA,NA,"Implausible","Test","bugsbags","Implausible"
1,"adult","adult_26",NA,NA,"Implausible","Exposure","book_plane","Implausible"
1,"adult","adult_26",NA,NA,"Implausible","Exposure","house_nose","Implausible"
1,"adult","adult_26",NA,NA,"Implausible","Exposure","flowers_donut","Implausible"
1,"adult","adult_26",NA,NA,"Implausible","Exposure","shark_racecar","Implausible"
1,"adult","adult_26",NA,NA,"Implausible","Exposure","bread_ketchup","Implausible"
1,"adult","adult_26",NA,NA,"Implausible","Exposure","cat_hammers","Implausible"
1,"adult","adult_26",NA,NA,"Implausible","Exposure","wooden_apples","Implausible"
1,"adult","adult_26",NA,NA,"Implausible","Exposure","knife_camel","Implausible"
1,"adult","adult_26",NA,NA,"Implausible","Test","goatscoats","Implausible"
1,"adult","adult_26",NA,NA,"Implausible","Test","capcup","Implausible"
1,"adult","adult_26",NA,NA,"Implausible","Test","bugsbags","Implausible"
1,"adult","adult_26",NA,NA,"Implausible","Test","ballbowl","Implausible"
1,"adult","adult_26",NA,NA,"Implausible","Test","tiedie","Implausible"
1,"adult","adult_26",NA,NA,"Implausible","Test","vanfan","Implausible"
1,"adult","adult_26",NA,NA,"Implausible","Test","penpan","Implausible"
1,"adult","adult_1",NA,NA,"Implausible","Exposure","book_plane","Implausible"
1,"adult","adult_1",NA,NA,"Implausible","Exposure","shark_racecar","Implausible"
1,"adult","adult_1",NA,NA,"Implausible","Exposure","knife_camel","Implausible"
1,"adult","adult_1",NA,NA,"Implausible","Exposure","bread_ketchup","Implausible"
1,"adult","adult_1",NA,NA,"Implausible","Exposure","flowers_donut","Implausible"
1,"adult","adult_1",NA,NA,"Implausible","Exposure","wooden_apples","Implausible"
1,"adult","adult_1",NA,NA,"Implausible","Exposure","house_nose","Implausible"
1,"adult","adult_1",NA,NA,"Implausible","Exposure","cat_hammers","Implausible"
1,"adult","adult_1",NA,NA,"Implausible","Test","goatscoats","Implausible"
1,"adult","adult_1",NA,NA,"Implausible","Test","bugsbags","Implausible"
1,"adult","adult_1",NA,NA,"Implausible","Test","penpan","Plausible"
1,"adult","adult_1",NA,NA,"Implausible","Test","ballbowl","Implausible"
1,"adult","adult_1",NA,NA,"Implausible","Test","vanfan","Implausible"
1,"adult","adult_1",NA,NA,"Implausible","Test","capcup","Implausible"
1,"adult","adult_1",NA,NA,"Implausible","Test","tiedie","Implausible"
1,"adult","adult_7",NA,NA,"Plausible","Exposure","book_table","Plausible"
1,"adult","adult_7",NA,NA,"Plausible","Exposure","bread_peanutbutter","Plausible"
1,"adult","adult_7",NA,NA,"Plausible","Exposure","house_door","Plausible"
1,"adult","adult_7",NA,NA,"Plausible","Exposure","knife_fork","Plausible"
1,"adult","adult_7",NA,NA,"Plausible","Exposure","wooden_blocks","Plausible"
1,"adult","adult_7",NA,NA,"Plausible","Exposure","cat_kittens","Plausible"
1,"adult","adult_7",NA,NA,"Plausible","Exposure","flowers_basket","Plausible"
1,"adult","adult_7",NA,NA,"Plausible","Exposure","shark_fish","Plausible"
1,"adult","adult_7",NA,NA,"Plausible","Test","ballbowl","Implausible"
1,"adult","adult_7",NA,NA,"Plausible","Test","tiedie","Implausible"
1,"adult","adult_7",NA,NA,"Plausible","Test","vanfan","Implausible"
1,"adult","adult_7",NA,NA,"Plausible","Test","bugsbags","Implausible"
1,"adult","adult_7",NA,NA,"Plausible","Test","goatscoats","Implausible"
1,"adult","adult_7",NA,NA,"Plausible","Test","capcup","Implausible"
1,"adult","adult_7",NA,NA,"Plausible","Test","penpan","Implausible"
1,"adult","adult_35",NA,NA,"Plausible","Exposure","bread_peanutbutter","Plausible"
1,"adult","adult_35",NA,NA,"Plausible","Exposure","cat_kittens","Plausible"
1,"adult","adult_35",NA,NA,"Plausible","Exposure","book_table","Plausible"
1,"adult","adult_35",NA,NA,"Plausible","Exposure","flowers_basket","Plausible"
1,"adult","adult_35",NA,NA,"Plausible","Exposure","knife_fork","Plausible"
1,"adult","adult_35",NA,NA,"Plausible","Exposure","wooden_blocks","Plausible"
1,"adult","adult_35",NA,NA,"Plausible","Exposure","shark_fish","Plausible"
1,"adult","adult_35",NA,NA,"Plausible","Exposure","house_door","Plausible"
1,"adult","adult_35",NA,NA,"Plausible","Test","tiedie","Implausible"
1,"adult","adult_35",NA,NA,"Plausible","Test","capcup","Implausible"
1,"adult","adult_35",NA,NA,"Plausible","Test","goatscoats","Implausible"
1,"adult","adult_35",NA,NA,"Plausible","Test","ballbowl","Implausible"
1,"adult","adult_35",NA,NA,"Plausible","Test","bugsbags","Implausible"
1,"adult","adult_35",NA,NA,"Plausible","Test","penpan","Implausible"
1,"adult","adult_35",NA,NA,"Plausible","Test","vanfan","Implausible"
1,"adult","adult_38",NA,NA,"Plausible","Exposure","knife_fork","Plausible"
1,"adult","adult_38",NA,NA,"Plausible","Exposure","flowers_basket","Plausible"
1,"adult","adult_38",NA,NA,"Plausible","Exposure","book_table","Plausible"
1,"adult","adult_38",NA,NA,"Plausible","Exposure","house_door","Plausible"
1,"adult","adult_38",NA,NA,"Plausible","Exposure","bread_peanutbutter","Plausible"
1,"adult","adult_38",NA,NA,"Plausible","Exposure","shark_fish","Plausible"
1,"adult","adult_38",NA,NA,"Plausible","Exposure","wooden_blocks","Plausible"
1,"adult","adult_38",NA,NA,"Plausible","Exposure","cat_kittens","Plausible"
1,"adult","adult_38",NA,NA,"Plausible","Test","tiedie","Plausible"
1,"adult","adult_38",NA,NA,"Plausible","Test","vanfan","Plausible"
1,"adult","adult_38",NA,NA,"Plausible","Test","goatscoats","Implausible"
1,"adult","adult_38",NA,NA,"Plausible","Test","bugsbags","Implausible"
1,"adult","adult_38",NA,NA,"Plausible","Test","capcup","Implausible"
1,"adult","adult_38",NA,NA,"Plausible","Test","penpan","Implausible"
1,"adult","adult_38",NA,NA,"Plausible","Test","ballbowl","Implausible"
1,"adult","adult_44",NA,NA,"Implausible","Exposure","wooden_apples","Implausible"
1,"adult","adult_44",NA,NA,"Implausible","Exposure","house_nose","Implausible"
1,"adult","adult_44",NA,NA,"Implausible","Exposure","bread_ketchup","Implausible"
1,"adult","adult_44",NA,NA,"Implausible","Exposure","book_plane","Implausible"
1,"adult","adult_44",NA,NA,"Implausible","Exposure","shark_racecar","Implausible"
1,"adult","adult_44",NA,NA,"Implausible","Exposure","flowers_donut","Implausible"
1,"adult","adult_44",NA,NA,"Implausible","Exposure","knife_camel","Implausible"
1,"adult","adult_44",NA,NA,"Implausible","Exposure","cat_hammers","Implausible"
1,"adult","adult_44",NA,NA,"Implausible","Test","penpan","Plausible"
1,"adult","adult_44",NA,NA,"Implausible","Test","bugsbags","Implausible"
1,"adult","adult_44",NA,NA,"Implausible","Test","goatscoats","Implausible"
1,"adult","adult_44",NA,NA,"Implausible","Test","capcup","Implausible"
1,"adult","adult_44",NA,NA,"Implausible","Test","ballbowl","Implausible"
1,"adult","adult_44",NA,NA,"Implausible","Test","tiedie","Implausible"
1,"adult","adult_44",NA,NA,"Implausible","Test","vanfan","Implausible"
1,"adult","adult_32",NA,NA,"Implausible","Exposure","bread_ketchup","Implausible"
1,"adult","adult_32",NA,NA,"Implausible","Exposure","wooden_apples","Implausible"
1,"adult","adult_32",NA,NA,"Implausible","Exposure","knife_camel","Implausible"
1,"adult","adult_32",NA,NA,"Implausible","Exposure","book_plane","Implausible"
1,"adult","adult_32",NA,NA,"Implausible","Exposure","flowers_donut","Implausible"
1,"adult","adult_32",NA,NA,"Implausible","Exposure","house_nose","Implausible"
1,"adult","adult_32",NA,NA,"Implausible","Exposure","shark_racecar","Implausible"
1,"adult","adult_32",NA,NA,"Implausible","Exposure","cat_hammers","Implausible"
1,"adult","adult_32",NA,NA,"Implausible","Test","tiedie","Implausible"
1,"adult","adult_32",NA,NA,"Implausible","Test","penpan","Implausible"
1,"adult","adult_32",NA,NA,"Implausible","Test","goatscoats","Implausible"
1,"adult","adult_32",NA,NA,"Implausible","Test","bugsbags","Implausible"
1,"adult","adult_32",NA,NA,"Implausible","Test","ballbowl","Implausible"
1,"adult","adult_32",NA,NA,"Implausible","Test","capcup","Implausible"
1,"adult","adult_32",NA,NA,"Implausible","Test","vanfan","Implausible"
1,"adult","adult_22",NA,NA,"Implausible","Exposure","bread_ketchup","Implausible"
1,"adult","adult_22",NA,NA,"Implausible","Exposure","house_nose","Implausible"
1,"adult","adult_22",NA,NA,"Implausible","Exposure","wooden_apples","Implausible"
1,"adult","adult_22",NA,NA,"Implausible","Exposure","shark_racecar","Implausible"
1,"adult","adult_22",NA,NA,"Implausible","Exposure","flowers_donut","Implausible"
1,"adult","adult_22",NA,NA,"Implausible","Exposure","knife_camel","Implausible"
1,"adult","adult_22",NA,NA,"Implausible","Exposure","cat_hammers","Plausible"
1,"adult","adult_22",NA,NA,"Implausible","Exposure","book_plane","Implausible"
1,"adult","adult_22",NA,NA,"Implausible","Test","goatscoats","Implausible"
1,"adult","adult_22",NA,NA,"Implausible","Test","vanfan","Plausible"
1,"adult","adult_22",NA,NA,"Implausible","Test","ballbowl","Implausible"
1,"adult","adult_22",NA,NA,"Implausible","Test","tiedie","Implausible"
1,"adult","adult_22",NA,NA,"Implausible","Test","capcup","Plausible"
1,"adult","adult_22",NA,NA,"Implausible","Test","penpan","Plausible"
1,"adult","adult_22",NA,NA,"Implausible","Test","bugsbags","Implausible"
1,"adult","adult_20",NA,NA,"Plausible","Exposure","shark_fish","Plausible"
1,"adult","adult_20",NA,NA,"Plausible","Exposure","book_table","Plausible"
1,"adult","adult_20",NA,NA,"Plausible","Exposure","flowers_basket","Plausible"
1,"adult","adult_20",NA,NA,"Plausible","Exposure","cat_kittens","Plausible"
1,"adult","adult_20",NA,NA,"Plausible","Exposure","knife_fork","Plausible"
1,"adult","adult_20",NA,NA,"Plausible","Exposure","house_door","Plausible"
1,"adult","adult_20",NA,NA,"Plausible","Exposure","bread_peanutbutter","Plausible"
1,"adult","adult_20",NA,NA,"Plausible","Exposure","wooden_blocks","Plausible"
1,"adult","adult_20",NA,NA,"Plausible","Test","capcup","Plausible"
1,"adult","adult_20",NA,NA,"Plausible","Test","bugsbags","Implausible"
1,"adult","adult_20",NA,NA,"Plausible","Test","goatscoats","Implausible"
1,"adult","adult_20",NA,NA,"Plausible","Test","vanfan","Implausible"
1,"adult","adult_20",NA,NA,"Plausible","Test","penpan","Plausible"
1,"adult","adult_20",NA,NA,"Plausible","Test","tiedie","Implausible"
1,"adult","adult_20",NA,NA,"Plausible","Test","ballbowl","Implausible"
1,"adult","adult_2",NA,NA,"Implausible","Exposure","shark_racecar","Implausible"
1,"adult","adult_2",NA,NA,"Implausible","Exposure","knife_camel","Implausible"
1,"adult","adult_2",NA,NA,"Implausible","Exposure","bread_ketchup","Implausible"
1,"adult","adult_2",NA,NA,"Implausible","Exposure","flowers_donut","Implausible"
1,"adult","adult_2",NA,NA,"Implausible","Exposure","cat_hammers","Implausible"
1,"adult","adult_2",NA,NA,"Implausible","Exposure","house_nose","Implausible"
1,"adult","adult_2",NA,NA,"Implausible","Exposure","book_plane","Implausible"
1,"adult","adult_2",NA,NA,"Implausible","Exposure","wooden_apples","Implausible"
1,"adult","adult_2",NA,NA,"Implausible","Test","ballbowl","Implausible"
1,"adult","adult_2",NA,NA,"Implausible","Test","goatscoats","Implausible"
1,"adult","adult_2",NA,NA,"Implausible","Test","penpan","Implausible"
1,"adult","adult_2",NA,NA,"Implausible","Test","tiedie","Implausible"
1,"adult","adult_2",NA,NA,"Implausible","Test","bugsbags","Implausible"
1,"adult","adult_2",NA,NA,"Implausible","Test","vanfan","Implausible"
1,"adult","adult_2",NA,NA,"Implausible","Test","capcup","Implausible"
1,"adult","adult_3",NA,NA,"Plausible","Exposure","bread_peanutbutter","Plausible"
1,"adult","adult_3",NA,NA,"Plausible","Exposure","knife_fork","Plausible"
1,"adult","adult_3",NA,NA,"Plausible","Exposure","wooden_blocks","Plausible"
1,"adult","adult_3",NA,NA,"Plausible","Exposure","house_door","Plausible"
1,"adult","adult_3",NA,NA,"Plausible","Exposure","book_table","Plausible"
1,"adult","adult_3",NA,NA,"Plausible","Exposure","shark_fish","Plausible"
1,"adult","adult_3",NA,NA,"Plausible","Exposure","flowers_basket","Plausible"
1,"adult","adult_3",NA,NA,"Plausible","Exposure","cat_kittens","Plausible"
1,"adult","adult_3",NA,NA,"Plausible","Test","penpan","Plausible"
1,"adult","adult_3",NA,NA,"Plausible","Test","vanfan","Plausible"
1,"adult","adult_3",NA,NA,"Plausible","Test","bugsbags","Implausible"
1,"adult","adult_3",NA,NA,"Plausible","Test","ballbowl","Implausible"
1,"adult","adult_3",NA,NA,"Plausible","Test","tiedie","Implausible"
1,"adult","adult_3",NA,NA,"Plausible","Test","goatscoats","Implausible"
1,"adult","adult_3",NA,NA,"Plausible","Test","capcup","Implausible"
1,"adult","adult_30",NA,NA,"Implausible","Exposure","wooden_apples","Implausible"
1,"adult","adult_30",NA,NA,"Implausible","Exposure","cat_hammers","Implausible"
1,"adult","adult_30",NA,NA,"Implausible","Exposure","knife_camel","Implausible"
1,"adult","adult_30",NA,NA,"Implausible","Exposure","flowers_donut","Implausible"
1,"adult","adult_30",NA,NA,"Implausible","Exposure","house_nose","Implausible"
1,"adult","adult_30",NA,NA,"Implausible","Exposure","shark_racecar","Implausible"
1,"adult","adult_30",NA,NA,"Implausible","Exposure","bread_ketchup","Implausible"
1,"adult","adult_30",NA,NA,"Implausible","Exposure","book_plane","Implausible"
1,"adult","adult_30",NA,NA,"Implausible","Test","bugsbags","Implausible"
1,"adult","adult_30",NA,NA,"Implausible","Test","ballbowl","Implausible"
1,"adult","adult_30",NA,NA,"Implausible","Test","goatscoats","Implausible"
1,"adult","adult_30",NA,NA,"Implausible","Test","penpan","Implausible"
1,"adult","adult_30",NA,NA,"Implausible","Test","capcup","Implausible"
1,"adult","adult_30",NA,NA,"Implausible","Test","tiedie","Implausible"
1,"adult","adult_30",NA,NA,"Implausible","Test","vanfan","Implausible"
1,"adult","adult_48",NA,NA,"Plausible","Exposure","shark_fish","Plausible"
1,"adult","adult_48",NA,NA,"Plausible","Exposure","house_door","Plausible"
1,"adult","adult_48",NA,NA,"Plausible","Exposure","bread_peanutbutter","Plausible"
1,"adult","adult_48",NA,NA,"Plausible","Exposure","cat_kittens","Plausible"
1,"adult","adult_48",NA,NA,"Plausible","Exposure","wooden_blocks","Plausible"
1,"adult","adult_48",NA,NA,"Plausible","Exposure","book_table","Plausible"
1,"adult","adult_48",NA,NA,"Plausible","Exposure","flowers_basket","Plausible"
1,"adult","adult_48",NA,NA,"Plausible","Exposure","knife_fork","Plausible"
1,"adult","adult_48",NA,NA,"Plausible","Test","penpan","Plausible"
1,"adult","adult_48",NA,NA,"Plausible","Test","vanfan","Plausible"
1,"adult","adult_48",NA,NA,"Plausible","Test","ballbowl","Implausible"
1,"adult","adult_48",NA,NA,"Plausible","Test","capcup","Implausible"
1,"adult","adult_48",NA,NA,"Plausible","Test","goatscoats","Implausible"
1,"adult","adult_48",NA,NA,"Plausible","Test","tiedie","Implausible"
1,"adult","adult_48",NA,NA,"Plausible","Test","bugsbags","Implausible"
1,"adult","adult_36",NA,NA,"Plausible","Exposure","house_door","Plausible"
1,"adult","adult_36",NA,NA,"Plausible","Exposure","cat_kittens","Plausible"
1,"adult","adult_36",NA,NA,"Plausible","Exposure","knife_fork","Plausible"
1,"adult","adult_36",NA,NA,"Plausible","Exposure","bread_peanutbutter","Plausible"
1,"adult","adult_36",NA,NA,"Plausible","Exposure","shark_fish","Plausible"
1,"adult","adult_36",NA,NA,"Plausible","Exposure","wooden_blocks","Plausible"
1,"adult","adult_36",NA,NA,"Plausible","Exposure","flowers_basket","Plausible"
1,"adult","adult_36",NA,NA,"Plausible","Exposure","book_table","Plausible"
1,"adult","adult_36",NA,NA,"Plausible","Test","capcup","Implausible"
1,"adult","adult_36",NA,NA,"Plausible","Test","goatscoats","Implausible"
1,"adult","adult_36",NA,NA,"Plausible","Test","penpan","Plausible"
1,"adult","adult_36",NA,NA,"Plausible","Test","vanfan","Plausible"
1,"adult","adult_36",NA,NA,"Plausible","Test","tiedie","Plausible"
1,"adult","adult_36",NA,NA,"Plausible","Test","bugsbags","Implausible"
1,"adult","adult_36",NA,NA,"Plausible","Test","ballbowl","Implausible"
1,"adult","adult_47",NA,NA,"Plausible","Exposure","knife_fork","Plausible"
1,"adult","adult_47",NA,NA,"Plausible","Exposure","flowers_basket","Plausible"
1,"adult","adult_47",NA,NA,"Plausible","Exposure","house_door","Plausible"
1,"adult","adult_47",NA,NA,"Plausible","Exposure","wooden_blocks","Plausible"
1,"adult","adult_47",NA,NA,"Plausible","Exposure","cat_kittens","Plausible"
1,"adult","adult_47",NA,NA,"Plausible","Exposure","bread_peanutbutter","Plausible"
1,"adult","adult_47",NA,NA,"Plausible","Exposure","book_table","Plausible"
1,"adult","adult_47",NA,NA,"Plausible","Exposure","shark_fish","Plausible"
1,"adult","adult_47",NA,NA,"Plausible","Test","penpan","Plausible"
1,"adult","adult_47",NA,NA,"Plausible","Test","capcup","Implausible"
1,"adult","adult_47",NA,NA,"Plausible","Test","vanfan","Implausible"
1,"adult","adult_47",NA,NA,"Plausible","Test","ballbowl","Implausible"
1,"adult","adult_47",NA,NA,"Plausible","Test","bugsbags","Implausible"
1,"adult","adult_47",NA,NA,"Plausible","Test","tiedie","Implausible"
1,"adult","adult_47",NA,NA,"Plausible","Test","goatscoats","Plausible"
1,"adult","adult_33",NA,NA,"Implausible","Exposure","shark_racecar","Implausible"
1,"adult","adult_33",NA,NA,"Implausible","Exposure","wooden_apples","Implausible"
1,"adult","adult_33",NA,NA,"Implausible","Exposure","cat_hammers","Implausible"
1,"adult","adult_33",NA,NA,"Implausible","Exposure","flowers_donut","Implausible"
1,"adult","adult_33",NA,NA,"Implausible","Exposure","bread_ketchup","Implausible"
1,"adult","adult_33",NA,NA,"Implausible","Exposure","house_nose","Implausible"
1,"adult","adult_33",NA,NA,"Implausible","Exposure","knife_camel","Implausible"
1,"adult","adult_33",NA,NA,"Implausible","Exposure","book_plane","Implausible"
1,"adult","adult_33",NA,NA,"Implausible","Test","bugsbags","Implausible"
1,"adult","adult_33",NA,NA,"Implausible","Test","tiedie","Implausible"
1,"adult","adult_33",NA,NA,"Implausible","Test","goatscoats","Implausible"
1,"adult","adult_33",NA,NA,"Implausible","Test","vanfan","Implausible"
1,"adult","adult_33",NA,NA,"Implausible","Test","penpan","Implausible"
1,"adult","adult_33",NA,NA,"Implausible","Test","ballbowl","Implausible"
1,"adult","adult_33",NA,NA,"Implausible","Test","capcup","Implausible"
1,"adult","adult_16",NA,NA,"Implausible","Exposure","flowers_donut","Implausible"
1,"adult","adult_16",NA,NA,"Implausible","Exposure","cat_hammers","Implausible"
1,"adult","adult_16",NA,NA,"Implausible","Exposure","knife_camel","Implausible"
1,"adult","adult_16",NA,NA,"Implausible","Exposure","house_nose","Implausible"
1,"adult","adult_16",NA,NA,"Implausible","Exposure","book_plane","Implausible"
1,"adult","adult_16",NA,NA,"Implausible","Exposure","wooden_apples","Implausible"
1,"adult","adult_16",NA,NA,"Implausible","Exposure","shark_racecar","Implausible"
1,"adult","adult_16",NA,NA,"Implausible","Exposure","bread_ketchup","Implausible"
1,"adult","adult_16",NA,NA,"Implausible","Test","vanfan","Implausible"
1,"adult","adult_16",NA,NA,"Implausible","Test","bugsbags","Implausible"
1,"adult","adult_16",NA,NA,"Implausible","Test","ballbowl","Implausible"
1,"adult","adult_16",NA,NA,"Implausible","Test","tiedie","Implausible"
1,"adult","adult_16",NA,NA,"Implausible","Test","capcup","Implausible"
1,"adult","adult_16",NA,NA,"Implausible","Test","goatscoats","Implausible"
1,"adult","adult_16",NA,NA,"Implausible","Test","penpan","Implausible"
1,"adult","adult_13",NA,NA,"Implausible","Exposure","book_plane","Plausible"
1,"adult","adult_13",NA,NA,"Implausible","Exposure","shark_racecar","Implausible"
1,"adult","adult_13",NA,NA,"Implausible","Exposure","bread_ketchup","Implausible"
1,"adult","adult_13",NA,NA,"Implausible","Exposure","flowers_donut","Implausible"
1,"adult","adult_13",NA,NA,"Implausible","Exposure","house_nose","Implausible"
1,"adult","adult_13",NA,NA,"Implausible","Exposure","knife_camel","Implausible"
1,"adult","adult_13",NA,NA,"Implausible","Exposure","cat_hammers","Implausible"
1,"adult","adult_13",NA,NA,"Implausible","Exposure","wooden_apples","Implausible"
1,"adult","adult_13",NA,NA,"Implausible","Test","capcup","Implausible"
1,"adult","adult_13",NA,NA,"Implausible","Test","penpan","Implausible"
1,"adult","adult_13",NA,NA,"Implausible","Test","tiedie","Implausible"
1,"adult","adult_13",NA,NA,"Implausible","Test","ballbowl","Implausible"
1,"adult","adult_13",NA,NA,"Implausible","Test","goatscoats","Implausible"
1,"adult","adult_13",NA,NA,"Implausible","Test","vanfan","Implausible"
1,"adult","adult_13",NA,NA,"Implausible","Test","bugsbags","Implausible"
1,"adult","adult_37",NA,NA,"Plausible","Exposure","house_door","Plausible"
1,"adult","adult_37",NA,NA,"Plausible","Exposure","knife_fork","Plausible"
1,"adult","adult_37",NA,NA,"Plausible","Exposure","book_table","Plausible"
1,"adult","adult_37",NA,NA,"Plausible","Exposure","shark_fish","Plausible"
1,"adult","adult_37",NA,NA,"Plausible","Exposure","wooden_blocks","Plausible"
1,"adult","adult_37",NA,NA,"Plausible","Exposure","bread_peanutbutter","Plausible"
1,"adult","adult_37",NA,NA,"Plausible","Exposure","flowers_basket","Plausible"
1,"adult","adult_37",NA,NA,"Plausible","Exposure","cat_kittens","Plausible"
1,"adult","adult_37",NA,NA,"Plausible","Test","ballbowl","Implausible"
1,"adult","adult_37",NA,NA,"Plausible","Test","goatscoats","Plausible"
1,"adult","adult_37",NA,NA,"Plausible","Test","capcup","Implausible"
1,"adult","adult_37",NA,NA,"Plausible","Test","penpan","Plausible"
1,"adult","adult_37",NA,NA,"Plausible","Test","vanfan","Plausible"
1,"adult","adult_37",NA,NA,"Plausible","Test","tiedie","Implausible"
1,"adult","adult_37",NA,NA,"Plausible","Test","bugsbags","Implausible"
1,"adult","adult_43",NA,NA,"Plausible","Exposure","bread_peanutbutter","Plausible"
1,"adult","adult_43",NA,NA,"Plausible","Exposure","book_table","Plausible"
1,"adult","adult_43",NA,NA,"Plausible","Exposure","knife_fork","Plausible"
1,"adult","adult_43",NA,NA,"Plausible","Exposure","shark_fish","Plausible"
1,"adult","adult_43",NA,NA,"Plausible","Exposure","cat_kittens","Plausible"
1,"adult","adult_43",NA,NA,"Plausible","Exposure","flowers_basket","Plausible"
1,"adult","adult_43",NA,NA,"Plausible","Exposure","house_door","Plausible"
1,"adult","adult_43",NA,NA,"Plausible","Exposure","wooden_blocks","Plausible"
1,"adult","adult_43",NA,NA,"Plausible","Test","bugsbags","Implausible"
1,"adult","adult_43",NA,NA,"Plausible","Test","goatscoats","Implausible"
1,"adult","adult_43",NA,NA,"Plausible","Test","capcup","Implausible"
1,"adult","adult_43",NA,NA,"Plausible","Test","penpan","Implausible"
1,"adult","adult_43",NA,NA,"Plausible","Test","vanfan","Implausible"
1,"adult","adult_43",NA,NA,"Plausible","Test","tiedie","Implausible"
1,"adult","adult_43",NA,NA,"Plausible","Test","ballbowl","Implausible"
1,"adult","adult_19",NA,NA,"Implausible","Exposure","wooden_apples","Implausible"
1,"adult","adult_19",NA,NA,"Implausible","Exposure","bread_ketchup","Implausible"
1,"adult","adult_19",NA,NA,"Implausible","Exposure","book_plane","Plausible"
1,"adult","adult_19",NA,NA,"Implausible","Exposure","house_nose","Implausible"
1,"adult","adult_19",NA,NA,"Implausible","Exposure","shark_racecar","Implausible"
1,"adult","adult_19",NA,NA,"Implausible","Exposure","cat_hammers","Implausible"
1,"adult","adult_19",NA,NA,"Implausible","Exposure","knife_camel","Implausible"
1,"adult","adult_19",NA,NA,"Implausible","Exposure","flowers_donut","Implausible"
1,"adult","adult_19",NA,NA,"Implausible","Test","tiedie","Implausible"
1,"adult","adult_19",NA,NA,"Implausible","Test","bugsbags","Implausible"
1,"adult","adult_19",NA,NA,"Implausible","Test","vanfan","Plausible"
1,"adult","adult_19",NA,NA,"Implausible","Test","goatscoats","Implausible"
1,"adult","adult_19",NA,NA,"Implausible","Test","penpan","Plausible"
1,"adult","adult_19",NA,NA,"Implausible","Test","capcup","Plausible"
1,"adult","adult_19",NA,NA,"Implausible","Test","ballbowl","Plausible"
1,"adult","adult_46",NA,NA,"Implausible","Exposure","cat_hammers","Implausible"
1,"adult","adult_46",NA,NA,"Implausible","Exposure","wooden_apples","Implausible"
1,"adult","adult_46",NA,NA,"Implausible","Exposure","knife_camel","Implausible"
1,"adult","adult_46",NA,NA,"Implausible","Exposure","bread_ketchup","Plausible"
1,"adult","adult_46",NA,NA,"Implausible","Exposure","shark_racecar","Implausible"
1,"adult","adult_46",NA,NA,"Implausible","Exposure","flowers_donut","Implausible"
1,"adult","adult_46",NA,NA,"Implausible","Exposure","house_nose","Implausible"
1,"adult","adult_46",NA,NA,"Implausible","Exposure","book_plane","Implausible"
1,"adult","adult_46",NA,NA,"Implausible","Test","goatscoats","Implausible"
1,"adult","adult_46",NA,NA,"Implausible","Test","penpan","Implausible"
1,"adult","adult_46",NA,NA,"Implausible","Test","capcup","Implausible"
1,"adult","adult_46",NA,NA,"Implausible","Test","vanfan","Implausible"
1,"adult","adult_46",NA,NA,"Implausible","Test","bugsbags","Implausible"
1,"adult","adult_46",NA,NA,"Implausible","Test","ballbowl","Implausible"
1,"adult","adult_46",NA,NA,"Implausible","Test","tiedie","Implausible"
1,"adult","adult_21",NA,NA,"Plausible","Exposure","book_table","Plausible"
1,"adult","adult_21",NA,NA,"Plausible","Exposure","flowers_basket","Plausible"
1,"adult","adult_21",NA,NA,"Plausible","Exposure","bread_peanutbutter","Plausible"
1,"adult","adult_21",NA,NA,"Plausible","Exposure","wooden_blocks","Plausible"
1,"adult","adult_21",NA,NA,"Plausible","Exposure","knife_fork","Plausible"
1,"adult","adult_21",NA,NA,"Plausible","Exposure","cat_kittens","Plausible"
1,"adult","adult_21",NA,NA,"Plausible","Exposure","house_door","Plausible"
1,"adult","adult_21",NA,NA,"Plausible","Exposure","shark_fish","Plausible"
1,"adult","adult_21",NA,NA,"Plausible","Test","tiedie","Implausible"
1,"adult","adult_21",NA,NA,"Plausible","Test","penpan","Implausible"
1,"adult","adult_21",NA,NA,"Plausible","Test","bugsbags","Implausible"
1,"adult","adult_21",NA,NA,"Plausible","Test","vanfan","Implausible"
1,"adult","adult_21",NA,NA,"Plausible","Test","goatscoats","Implausible"
1,"adult","adult_21",NA,NA,"Plausible","Test","ballbowl","Implausible"
1,"adult","adult_21",NA,NA,"Plausible","Test","capcup","Implausible"
1,"adult","adult_14",NA,NA,"Implausible","Exposure","book_plane","Implausible"
1,"adult","adult_14",NA,NA,"Implausible","Exposure","bread_ketchup","Implausible"
1,"adult","adult_14",NA,NA,"Implausible","Exposure","house_nose","Implausible"
1,"adult","adult_14",NA,NA,"Implausible","Exposure","shark_racecar","Implausible"
1,"adult","adult_14",NA,NA,"Implausible","Exposure","flowers_donut","Implausible"
1,"adult","adult_14",NA,NA,"Implausible","Exposure","cat_hammers","Implausible"
1,"adult","adult_14",NA,NA,"Implausible","Exposure","wooden_apples","Implausible"
1,"adult","adult_14",NA,NA,"Implausible","Exposure","knife_camel","Implausible"
1,"adult","adult_14",NA,NA,"Implausible","Test","penpan","Implausible"
1,"adult","adult_14",NA,NA,"Implausible","Test","tiedie","Implausible"
1,"adult","adult_14",NA,NA,"Implausible","Test","ballbowl","Implausible"
1,"adult","adult_14",NA,NA,"Implausible","Test","capcup","Implausible"
1,"adult","adult_14",NA,NA,"Implausible","Test","goatscoats","Implausible"
1,"adult","adult_14",NA,NA,"Implausible","Test","vanfan","Implausible"
1,"adult","adult_14",NA,NA,"Implausible","Test","bugsbags","Implausible"
1,"adult","adult_10",NA,NA,"Implausible","Exposure","cat_hammers","Implausible"
1,"adult","adult_10",NA,NA,"Implausible","Exposure","book_plane","Implausible"
1,"adult","adult_10",NA,NA,"Implausible","Exposure","house_nose","Implausible"
1,"adult","adult_10",NA,NA,"Implausible","Exposure","knife_camel","Implausible"
1,"adult","adult_10",NA,NA,"Implausible","Exposure","wooden_apples","Implausible"
1,"adult","adult_10",NA,NA,"Implausible","Exposure","flowers_donut","Implausible"
1,"adult","adult_10",NA,NA,"Implausible","Exposure","bread_ketchup","Implausible"
1,"adult","adult_10",NA,NA,"Implausible","Exposure","shark_racecar","Implausible"
1,"adult","adult_10",NA,NA,"Implausible","Test","vanfan","Implausible"
1,"adult","adult_10",NA,NA,"Implausible","Test","capcup","Implausible"
1,"adult","adult_10",NA,NA,"Implausible","Test","goatscoats","Implausible"
1,"adult","adult_10",NA,NA,"Implausible","Test","penpan","Implausible"
1,"adult","adult_10",NA,NA,"Implausible","Test","ballbowl","Implausible"
1,"adult","adult_10",NA,NA,"Implausible","Test","tiedie","Implausible"
1,"adult","adult_10",NA,NA,"Implausible","Test","bugsbags","Implausible"
1,"adult","adult_12",NA,NA,"Plausible","Exposure","flowers_basket","Plausible"
1,"adult","adult_12",NA,NA,"Plausible","Exposure","wooden_blocks","Plausible"
1,"adult","adult_12",NA,NA,"Plausible","Exposure","cat_kittens","Plausible"
1,"adult","adult_12",NA,NA,"Plausible","Exposure","shark_fish","Plausible"
1,"adult","adult_12",NA,NA,"Plausible","Exposure","bread_peanutbutter","Plausible"
1,"adult","adult_12",NA,NA,"Plausible","Exposure","knife_fork","Plausible"
1,"adult","adult_12",NA,NA,"Plausible","Exposure","house_door","Plausible"
1,"adult","adult_12",NA,NA,"Plausible","Exposure","book_table","Plausible"
1,"adult","adult_12",NA,NA,"Plausible","Test","tiedie","Implausible"
1,"adult","adult_12",NA,NA,"Plausible","Test","capcup","Plausible"
1,"adult","adult_12",NA,NA,"Plausible","Test","bugsbags","Implausible"
1,"adult","adult_12",NA,NA,"Plausible","Test","vanfan","Implausible"
1,"adult","adult_12",NA,NA,"Plausible","Test","goatscoats","Implausible"
1,"adult","adult_12",NA,NA,"Plausible","Test","penpan","Plausible"
1,"adult","adult_12",NA,NA,"Plausible","Test","ballbowl","Implausible"
1,"adult","adult_40",NA,NA,"Plausible","Exposure","flowers_basket","Plausible"
1,"adult","adult_40",NA,NA,"Plausible","Exposure","cat_kittens","Plausible"
1,"adult","adult_40",NA,NA,"Plausible","Exposure","wooden_blocks","Plausible"
1,"adult","adult_40",NA,NA,"Plausible","Exposure","shark_fish","Plausible"
1,"adult","adult_40",NA,NA,"Plausible","Exposure","bread_peanutbutter","Plausible"
1,"adult","adult_40",NA,NA,"Plausible","Exposure","knife_fork","Plausible"
1,"adult","adult_40",NA,NA,"Plausible","Exposure","house_door","Plausible"
1,"adult","adult_40",NA,NA,"Plausible","Exposure","book_table","Plausible"
1,"adult","adult_40",NA,NA,"Plausible","Test","tiedie","Plausible"
1,"adult","adult_40",NA,NA,"Plausible","Test","capcup","Plausible"
1,"adult","adult_40",NA,NA,"Plausible","Test","penpan","Plausible"
1,"adult","adult_40",NA,NA,"Plausible","Test","ballbowl","Plausible"
1,"adult","adult_40",NA,NA,"Plausible","Test","bugsbags","Implausible"
1,"adult","adult_40",NA,NA,"Plausible","Test","vanfan","Plausible"
1,"adult","adult_40",NA,NA,"Plausible","Test","goatscoats","Implausible"
1,"adult","adult_11",NA,NA,"Plausible","Exposure","book_table","Plausible"
1,"adult","adult_11",NA,NA,"Plausible","Exposure","bread_peanutbutter","Plausible"
1,"adult","adult_11",NA,NA,"Plausible","Exposure","cat_kittens","Plausible"
1,"adult","adult_11",NA,NA,"Plausible","Exposure","house_door","Plausible"
1,"adult","adult_11",NA,NA,"Plausible","Exposure","wooden_blocks","Plausible"
1,"adult","adult_11",NA,NA,"Plausible","Exposure","shark_fish","Plausible"
1,"adult","adult_11",NA,NA,"Plausible","Exposure","knife_fork","Plausible"
1,"adult","adult_11",NA,NA,"Plausible","Exposure","flowers_basket","Plausible"
1,"adult","adult_11",NA,NA,"Plausible","Test","penpan","Plausible"
1,"adult","adult_11",NA,NA,"Plausible","Test","goatscoats","Implausible"
1,"adult","adult_11",NA,NA,"Plausible","Test","bugsbags","Implausible"
1,"adult","adult_11",NA,NA,"Plausible","Test","vanfan","Plausible"
1,"adult","adult_11",NA,NA,"Plausible","Test","tiedie","Plausible"
1,"adult","adult_11",NA,NA,"Plausible","Test","ballbowl","Plausible"
1,"adult","adult_11",NA,NA,"Plausible","Test","capcup","Plausible"
